class_name,precision,recall,f1
correction_rework,0.20240480961923848,0.5706214689265536,0.2988165680473373
mild_hesitation,0.21951219512195122,0.37815126050420167,0.2777777777777778
normal_progress,0.0,0.0,0.0
overlap_risk,0.0,0.0,0.0
ready_for_robot_action,0.0,0.0,0.0
strong_hesitation,0.0,0.0,0.0
