{
  "feature_order": [
    "mean_speed",
    "speed_variance",
    "pause_ratio",
    "direction_changes",
    "progress_delta",
    "backtrack_ratio",
    "mean_workspace_distance"
  ],
  "selected_feature_order": [
    "mean_speed",
    "speed_variance",
    "pause_ratio",
    "direction_changes",
    "progress_delta",
    "backtrack_ratio",
    "mean_workspace_distance"
  ],
  "feature_indices": null,
  "scaler": {
    "means": [
      0.059398661932907756,
      0.0006089473261814566,
      0.20924932975871313,
      2.8997319034852547,
      0.010359851324280762,
      0.4171581769436997,
      1.0
    ],
    "stds": [
      0.01128513064447601,
      0.00023718527845681132,
      0.18383456407855656,
      1.32054295965149,
      0.040756686204548365,
      0.20782672091708143,
      1.0
    ]
  },
  "state": {
    "classes": [
      "correction_rework",
      "mild_hesitation",
      "normal_progress",
      "overlap_risk",
      "ready_for_robot_action",
      "strong_hesitation"
    ],
    "weights": {
      "correction_rework": [
        -1.0601489694065602,
        0.29156048784841626,
        -0.8154287056220405,
        0.19902843136548629,
        -0.405573460078195,
        -0.38779265113355765,
        0.0
      ],
      "mild_hesitation": [
        -0.5305198196432203,
        -0.2831762272363384,
        -0.32959047368669336,
        -0.05194890238873838,
        -0.44351789860030627,
        0.3229108611061151,
        0.0
      ],
      "normal_progress": [
        0.676523265689565,
        0.36454219025876466,
        0.15622917361622393,
        -0.11431648805169659,
        0.9237328319965081,
        0.20300274809175442,
        0.0
      ],
      "overlap_risk": [
        0.7625812701828698,
        -0.19225766751277237,
        0.0839111043984188,
        0.011572742356190893,
        -0.13289024867726362,
        0.09853687646714428,
        0.0
      ],
      "ready_for_robot_action": [
        0.8409896180804389,
        -0.102996642248575,
        0.4571370529457177,
        -0.09180875522383836,
        -0.38449357040205595,
        -0.1636481791795152,
        0.0
      ],
      "strong_hesitation": [
        -0.5316133161168376,
        0.3173028923550714,
        0.43078566637824334,
        0.06303759275920742,
        -0.2527224031059073,
        -0.13230476512982436,
        0.0
      ]
    },
    "biases": {
      "correction_rework": -1.2147204134506713,
      "mild_hesitation": -1.312749236479704,
      "normal_progress": -1.9780301929815651,
      "overlap_risk": -1.764175918483839,
      "ready_for_robot_action": -2.4754385984296676,
      "strong_hesitation": -2.1141350756971433
    }
  },
  "future_hesitation": {
    "weights": [
      0.34922646209049807,
      0.2602472474406992,
      0.31609734022048913,
      0.053888743656542004,
      -0.506699834395166,
      0.012892777827036789,
      0.0
    ],
    "bias": 1.7264400531499426
  },
  "future_correction": {
    "weights": [
      -0.06644900611719527,
      0.03901794333476346,
      0.41970823269508656,
      -0.035525330348806394,
      -0.13620909184333224,
      -0.6851995385511153,
      0.0
    ],
    "bias": 1.3670390073651557
  },
  "window_size": 8,
  "pause_speed_threshold": 0.03,
  "horizon_frames": 5
}