class_name,precision,recall,f1
correction_rework,0.19881305637982197,0.7570621468926554,0.3149236192714454
mild_hesitation,0.2564102564102564,0.08403361344537816,0.12658227848101264
normal_progress,0.125,0.0703125,0.09
overlap_risk,0.05555555555555555,0.007246376811594203,0.01282051282051282
ready_for_robot_action,0.125,0.045454545454545456,0.06666666666666667
strong_hesitation,0.3888888888888889,0.09929078014184398,0.15819209039548024
