class_name,precision,recall,f1
correction_rework,0.4020618556701031,0.8764044943820225,0.5512367491166078
mild_hesitation,0.23423423423423423,0.3277310924369748,0.27320490367775835
normal_progress,0.23671497584541062,0.33793103448275863,0.27840909090909094
overlap_risk,0.6666666666666666,0.014388489208633094,0.02816901408450704
ready_for_robot_action,0.0,0.0,0.0
strong_hesitation,0.0,0.0,0.0
