{
  "chico_train_havid_test": {
    "classical": {
      "current_state_classical": {
        "accuracy": 0.36363636363636365,
        "macro_f1": 0.17777777777777778,
        "per_class": {
          "correction_rework": {
            "precision": 0.36363636363636365,
            "recall": 1.0,
            "f1": 0.5333333333333333
          },
          "mild_hesitation": {
            "precision": 0.0,
            "recall": 0.0,
            "f1": 0.0
          },
          "normal_progress": {
            "precision": 0.0,
            "recall": 0.0,
            "f1": 0.0
          }
        },
        "confusion_matrix": {
          "correction_rework": {
            "correction_rework": 4,
            "mild_hesitation": 0,
            "normal_progress": 0
          },
          "mild_hesitation": {
            "correction_rework": 0,
            "mild_hesitation": 0,
            "normal_progress": 0
          },
          "normal_progress": {
            "correction_rework": 7,
            "mild_hesitation": 0,
            "normal_progress": 0
          }
        }
      },
      "future_hesitation": {
        "accuracy": 1.0,
        "precision": 0.0,
        "recall": 0.0,
        "f1": 0.0,
        "auroc": 0.0,
        "auprc": 0.0,
        "brier": 1.0508537208429699e-14,
        "ece": 6.890232554150835e-08,
        "confusion": {
          "tp": 0,
          "tn": 11,
          "fp": 0,
          "fn": 0
        },
        "threshold": 0.5
      },
      "future_correction": {
        "accuracy": 0.7272727272727273,
        "precision": 0.7272727272727273,
        "recall": 1.0,
        "f1": 0.8421052631578948,
        "auroc": 0.8333333333333333,
        "auprc": 0.9474634740259741,
        "brier": 0.2723423029090704,
        "ece": 0.27232530791665355,
        "confusion": {
          "tp": 8,
          "tn": 0,
          "fp": 3,
          "fn": 0
        },
        "threshold": 0.5
      },
      "windows": 11
    },
    "deep": {
      "current_state_deep": {
        "accuracy": 0.36363636363636365,
        "macro_f1": 0.17777777777777778,
        "per_class": {
          "correction_rework": {
            "precision": 0.36363636363636365,
            "recall": 1.0,
            "f1": 0.5333333333333333
          },
          "mild_hesitation": {
            "precision": 0.0,
            "recall": 0.0,
            "f1": 0.0
          },
          "normal_progress": {
            "precision": 0.0,
            "recall": 0.0,
            "f1": 0.0
          }
        },
        "confusion_matrix": {
          "correction_rework": {
            "correction_rework": 4,
            "mild_hesitation": 0,
            "normal_progress": 0
          },
          "mild_hesitation": {
            "correction_rework": 0,
            "mild_hesitation": 0,
            "normal_progress": 0
          },
          "normal_progress": {
            "correction_rework": 7,
            "mild_hesitation": 0,
            "normal_progress": 0
          }
        }
      },
      "future_hesitation": {
        "accuracy": 1.0,
        "precision": 0.0,
        "recall": 0.0,
        "f1": 0.0,
        "auroc": 0.0,
        "auprc": 0.0,
        "brier": 0.0005297194648727065,
        "ece": 0.010535645296594752,
        "confusion": {
          "tp": 0,
          "tn": 11,
          "fp": 0,
          "fn": 0
        },
        "threshold": 0.5
      },
      "future_correction": {
        "accuracy": 0.5454545454545454,
        "precision": 0.6666666666666666,
        "recall": 0.75,
        "f1": 0.7058823529411765,
        "auroc": 0.4166666666666667,
        "auprc": 0.7593682359307359,
        "brier": 0.3954431864256604,
        "ece": 0.4265474379027972,
        "confusion": {
          "tp": 6,
          "tn": 0,
          "fp": 3,
          "fn": 2
        },
        "threshold": 0.5
      },
      "thresholds": {
        "future_hesitation": 0.5,
        "future_correction": 0.5
      },
      "windows": 11
    }
  },
  "havid_train_chico_test": {
    "classical": {
      "current_state_classical": {
        "accuracy": 1.0,
        "macro_f1": 0.5,
        "per_class": {
          "mild_hesitation": {
            "precision": 0.0,
            "recall": 0.0,
            "f1": 0.0
          },
          "normal_progress": {
            "precision": 1.0,
            "recall": 1.0,
            "f1": 1.0
          }
        },
        "confusion_matrix": {
          "mild_hesitation": {
            "mild_hesitation": 0,
            "normal_progress": 0
          },
          "normal_progress": {
            "mild_hesitation": 0,
            "normal_progress": 13
          }
        }
      },
      "future_hesitation": {
        "accuracy": 1.0,
        "precision": 0.0,
        "recall": 0.0,
        "f1": 0.0,
        "auroc": 0.0,
        "auprc": 0.0,
        "brier": 5.731750332485078e-05,
        "ece": 0.007570619778200041,
        "confusion": {
          "tp": 0,
          "tn": 13,
          "fp": 0,
          "fn": 0
        },
        "threshold": 0.5
      },
      "future_correction": {
        "accuracy": 1.0,
        "precision": 0.0,
        "recall": 0.0,
        "f1": 0.0,
        "auroc": 0.0,
        "auprc": 0.0,
        "brier": 5.731750332485078e-05,
        "ece": 0.007570619778200041,
        "confusion": {
          "tp": 0,
          "tn": 13,
          "fp": 0,
          "fn": 0
        },
        "threshold": 0.5
      },
      "windows": 13
    },
    "deep": {
      "current_state_deep": {
        "accuracy": 1.0,
        "macro_f1": 0.3333333333333333,
        "per_class": {
          "correction_rework": {
            "precision": 0.0,
            "recall": 0.0,
            "f1": 0.0
          },
          "mild_hesitation": {
            "precision": 0.0,
            "recall": 0.0,
            "f1": 0.0
          },
          "normal_progress": {
            "precision": 1.0,
            "recall": 1.0,
            "f1": 1.0
          }
        },
        "confusion_matrix": {
          "correction_rework": {
            "correction_rework": 0,
            "mild_hesitation": 0,
            "normal_progress": 0
          },
          "mild_hesitation": {
            "correction_rework": 0,
            "mild_hesitation": 0,
            "normal_progress": 0
          },
          "normal_progress": {
            "correction_rework": 0,
            "mild_hesitation": 0,
            "normal_progress": 13
          }
        }
      },
      "future_hesitation": {
        "accuracy": 1.0,
        "precision": 0.0,
        "recall": 0.0,
        "f1": 0.0,
        "auroc": 0.0,
        "auprc": 0.0,
        "brier": 4.074714140926449e-05,
        "ece": 0.0063602687978592904,
        "confusion": {
          "tp": 0,
          "tn": 13,
          "fp": 0,
          "fn": 0
        },
        "threshold": 0.5
      },
      "future_correction": {
        "accuracy": 1.0,
        "precision": 0.0,
        "recall": 0.0,
        "f1": 0.0,
        "auroc": 0.0,
        "auprc": 0.0,
        "brier": 4.074714140926449e-05,
        "ece": 0.0063602687978592904,
        "confusion": {
          "tp": 0,
          "tn": 13,
          "fp": 0,
          "fn": 0
        },
        "threshold": 0.5
      },
      "thresholds": {
        "future_hesitation": 0.5,
        "future_correction": 0.5
      },
      "windows": 13
    }
  },
  "merged_train_eval": {
    "classical": {
      "current_state_classical": {
        "accuracy": 0.6363636363636364,
        "macro_f1": 0.25925925925925924,
        "per_class": {
          "correction_rework": {
            "precision": 0.0,
            "recall": 0.0,
            "f1": 0.0
          },
          "mild_hesitation": {
            "precision": 0.0,
            "recall": 0.0,
            "f1": 0.0
          },
          "normal_progress": {
            "precision": 0.6363636363636364,
            "recall": 1.0,
            "f1": 0.7777777777777778
          }
        },