class_name,precision,recall,f1
correction_rework,0.6641221374045801,0.9830508474576272,0.7927107061503418
mild_hesitation,0.36348408710217756,0.9117647058823529,0.5197604790419161
normal_progress,1.0,0.07692307692307693,0.14285714285714288
overlap_risk,0.42592592592592593,0.16666666666666666,0.23958333333333334
ready_for_robot_action,0.0,0.0,0.0
strong_hesitation,1.0,0.0070921985815602835,0.014084507042253521
