class_name,precision,recall,f1
correction_rework,0.21428571428571427,0.559322033898305,0.30985915492957744
mild_hesitation,0.3183856502242152,0.29831932773109243,0.3080260303687635
normal_progress,0.25,0.0703125,0.10975609756097561
overlap_risk,0.2875,0.3333333333333333,0.30872483221476504
ready_for_robot_action,0.2,0.011363636363636364,0.021505376344086023
strong_hesitation,0.4583333333333333,0.07801418439716312,0.13333333333333333
