class_name,precision,recall,f1
correction_rework,0.21978021978021978,0.5617977528089888,0.315955766192733
mild_hesitation,0.3284313725490196,0.2815126050420168,0.3031674208144796
normal_progress,0.48333333333333334,0.2,0.2829268292682927
overlap_risk,0.3057324840764331,0.34532374100719426,0.32432432432432434
ready_for_robot_action,0.2,0.011235955056179775,0.02127659574468085
strong_hesitation,0.36,0.1267605633802817,0.1875
