class_name,precision,recall,f1
correction_rework,0.5232558139534884,0.7627118644067796,0.6206896551724138
mild_hesitation,0.2910602910602911,0.5882352941176471,0.3894297635605007
normal_progress,0.23118279569892472,0.3006993006993007,0.2613981762917933
overlap_risk,0.0,0.0,0.0
ready_for_robot_action,0.0,0.0,0.0
strong_hesitation,0.0,0.0,0.0
