{
  "feature_order": [
    "mean_speed",
    "speed_variance",
    "pause_ratio",
    "direction_changes",
    "progress_delta",
    "backtrack_ratio",
    "mean_workspace_distance"
  ],
  "scaler": {
    "means": [
      0.01885705632840446,
      5.1584026480088595e-05,
      0.9666666666666668,
      0.7333333333333333,
      0.3333333333333333,
      0.0,
      1.23085
    ],
    "stds": [
      0.004385479846108757,
      4.0417698714946106e-05,
      0.06992058987801006,
      1.436043948569201,
      1.0,
      1.0,
      0.11107677149911528
    ]
  },
  "state": {
    "classes": [
      "correction_rework",
      "mild_hesitation",
      "normal_progress"
    ],
    "weights": {
      "correction_rework": [
        -0.5256307116822265,
        1.953280602687966,
        0.0586377753280373,
        -0.04758617987694816,
        -5.578901391930063e-17,
        0.0,
        -3.208610980515034
      ],
      "mild_hesitation": [
        0.476465815159912,
        0.037812060135742925,
        -0.002583369820669881,
        -0.11507530308401842,
        -1.1520537665166048e-16,
        0.0,
        2.9589221243861714
      ],
      "normal_progress": [
        -0.5233675869298627,
        -2.0472946515147394,
        -0.46927051242067613,
        0.5824392826534959,
        1.393755421824824e-16,
        0.0,
        1.0155378183557218
      ]
    },
    "biases": {
      "correction_rework": -3.934696305939847,
      "mild_hesitation": -4.067678921211219,
      "normal_progress": 2.3503430343854754
    }
  },
  "future_hesitation": {
    "weights": [
      0.605525623430884,
      -0.07790978639526423,
      0.07517319196840556,
      -0.20330216304951443,
      -8.514881928969694e-17,
      0.0,
      2.6423945371830055
    ],
    "bias": -4.063161770633347
  },
  "future_correction": {
    "weights": [
      1.1864400226063385,
      -1.0983027554524591,
      0.8467348414515706,
      -1.664322552218556,
      4.7319619661851024e-17,
      0.0,
      -2.1843178181415106
    ],
    "bias": -2.8901829331308124
  },
  "window_size": 10,
  "pause_speed_threshold": 0.03,
  "horizon_frames": 8
}