class_name,precision,recall,f1
correction_rework,0.7066666666666667,0.8983050847457628,0.7910447761194029
mild_hesitation,0.3307926829268293,0.9117647058823529,0.4854586129753915
normal_progress,0.5227272727272727,0.16083916083916083,0.2459893048128342
overlap_risk,0.0,0.0,0.0
ready_for_robot_action,0.0,0.0,0.0
strong_hesitation,0.0,0.0,0.0
