{
  "feature_order": [
    "mean_speed",
    "speed_variance",
    "pause_ratio",
    "direction_changes",
    "progress_delta",
    "backtrack_ratio",
    "mean_workspace_distance"
  ],
  "selected_feature_order": [
    "mean_speed",
    "speed_variance",
    "pause_ratio",
    "direction_changes",
    "progress_delta",
    "backtrack_ratio",
    "mean_workspace_distance"
  ],
  "feature_indices": null,
  "scaler": {
    "means": [
      0.01941590166377664,
      4.691714689842691e-05,
      0.9583333333333334,
      0.5333333333333333,
      0.25925925925925924,
      0.0,
      1.208711111111111
    ],
    "stds": [
      0.004271108250106595,
      4.0801402772873096e-05,
      0.08740073734751262,
      1.1850925889754118,
      1.0,
      1.0,
      0.12302906675022818
    ]
  },
  "state": {
    "classes": [
      "correction_rework",
      "mild_hesitation",
      "normal_progress"
    ],
    "weights": {
      "correction_rework": [
        0.2383556917853006,
        0.7955630293046252,
        0.5119198239045374,
        -0.2707435490685136,
        -1.5526796325097946e-16,
        0.0,
        -1.2157172431655092
      ],
      "mild_hesitation": [
        1.20173158026957,
        1.5556058496579603,
        -0.09792527508837194,
        -0.10605579035415295,
        -1.4346983389153932e-16,
        0.0,
        2.8432496004755294
      ],
      "normal_progress": [
        -1.6435549746080715,
        -2.408918527089867,
        -0.6621691482041687,
        0.6163637806632843,
        2.0462100314483537e-16,
        0.0,
        -0.6667551570149697
      ]
    },
    "biases": {
      "correction_rework": -3.971046808438441,
      "mild_hesitation": -4.463066825461826,
      "normal_progress": 2.7712424703777065
    }
  },
  "future_hesitation": {
    "weights": [
      1.4775095054152736,
      0.7632361898429034,
      -0.1524472526901263,
      -0.14576145725554704,
      -1.3146316216617383e-16,
      0.0,
      3.9342364088535544
    ],
    "bias": -4.83647477899629
  },
  "future_correction": {
    "weights": [
      0.23473716311304774,
      -2.0308948724959577,
      1.4945136850748864,
      -0.4787824912311611,
      -9.726151038845212e-17,
      0.0,
      -3.04966126948365
    ],
    "bias": -4.39976397039085
  },
  "window_size": 8,
  "pause_speed_threshold": 0.03,
  "horizon_frames": 5
}