class_name,precision,recall,f1
correction_rework,0.2301980198019802,0.5254237288135594,0.32013769363166955
mild_hesitation,0.3393665158371041,0.31512605042016806,0.32679738562091504
normal_progress,0.4,0.22377622377622378,0.28699551569506726
overlap_risk,0.3049645390070922,0.3115942028985507,0.30824372759856633
ready_for_robot_action,0.5,0.011363636363636364,0.022222222222222223
strong_hesitation,0.2857142857142857,0.15602836879432624,0.20183486238532108
