class_name,precision,recall,f1
correction_rework,0.21505376344086022,0.5649717514124294,0.3115264797507788
mild_hesitation,0.32547169811320753,0.28991596638655465,0.30666666666666664
normal_progress,0.47058823529411764,0.16783216783216784,0.24742268041237114
overlap_risk,0.31690140845070425,0.32608695652173914,0.3214285714285714
ready_for_robot_action,0.3333333333333333,0.022727272727272728,0.04255319148936171
strong_hesitation,0.3673469387755102,0.1276595744680851,0.1894736842105263
