{
  "feature_order": [
    "mean_speed",
    "speed_variance",
    "pause_ratio",
    "direction_changes",
    "progress_delta",
    "backtrack_ratio",
    "mean_workspace_distance"
  ],
  "selected_feature_order": [
    "mean_speed",
    "pause_ratio",
    "progress_delta",
    "backtrack_ratio",
    "mean_workspace_distance"
  ],
  "feature_indices": [
    0,
    2,
    4,
    5,
    6
  ],
  "scaler": {
    "means": [
      0.059398661932907756,
      0.20924932975871313,
      0.010359851324280762,
      0.4171581769436997,
      0.8568619712383113
    ],
    "stds": [
      0.01128513064447601,
      0.18383456407855656,
      0.040756686204548365,
      0.20782672091708143,
      0.6793557097468771
    ]
  },
  "state": {
    "classes": [
      "correction_rework",
      "mild_hesitation",
      "normal_progress",
      "overlap_risk",
      "ready_for_robot_action",
      "strong_hesitation"
    ],
    "weights": {
      "correction_rework": [
        -0.7805831878347737,
        -0.4060691836439206,
        -0.5163956096330549,
        -0.37026983124948054,
        -0.08043562286197865
      ],
      "mild_hesitation": [
        -0.7383849956791679,
        -0.7051457337279213,
        -0.31731553617905206,
        0.32853841583629106,
        -0.0453890112659902
      ],
      "normal_progress": [
        0.651700796756693,
        0.34961327385565233,
        0.7379052785503744,
        0.1160597215643583,
        0.1356109665950005
      ],
      "overlap_risk": [
        0.8225580215230931,
        0.15467813233415245,
        -0.12249263390760785,
        0.09555443169008312,
        0.031472554538427885
      ],
      "ready_for_robot_action": [
        0.8277557468558912,
        0.34424552928844737,
        -0.24104220314829705,
        -0.1368408828502052,
        -0.24531611308802242
      ],
      "strong_hesitation": [
        -0.22838926059386697,
        0.8417661212828129,
        -0.49558024383598537,
        -0.17508003535088126,
        0.29447322112887897
      ]
    },
    "biases": {
      "correction_rework": -1.1335495496209933,
      "mild_hesitation": -1.2830469008817251,
      "normal_progress": -2.0156534702244584,
      "overlap_risk": -1.7001249328064145,
      "ready_for_robot_action": -2.440334749315253,
      "strong_hesitation": -2.0886132760276306
    }
  },
  "future_hesitation": {
    "weights": [
      0.2923183064143349,
      0.2208874270570232,
      -0.5799006054332293,
      -0.04487233017422185,
      -0.12896651975746498
    ],
    "bias": 1.7472109238582396
  },
  "future_correction": {
    "weights": [
      -0.09306316679198129,
      0.23500590177731714,
      0.06266409251402368,
      -0.5166753579982338,
      -0.2907296498341721
    ],
    "bias": 1.3081069752510808
  },
  "window_size": 8,
  "pause_speed_threshold": 0.03,
  "horizon_frames": 5
}