{
  "feature_order": [
    "mean_speed",
    "speed_variance",
    "pause_ratio",
    "direction_changes",
    "progress_delta",
    "backtrack_ratio",
    "mean_workspace_distance"
  ],
  "selected_feature_order": [
    "mean_speed",
    "speed_variance",
    "pause_ratio",
    "direction_changes",
    "progress_delta",
    "backtrack_ratio",
    "mean_workspace_distance"
  ],
  "feature_indices": null,
  "scaler": {
    "means": [
      0.3628,
      0.0196,
      0.0909,
      5.5844,
      0.0179,
      0.0050,
      0.6191
    ],
    "stds": [
      0.0424,
      0.0106,
      0.0763,
      1.7117,
      0.0019,
      0.0100,
      0.0763
    ]
  },
  "state": {
    "classes": [
      "correction_rework",
      "mild_hesitation",
      "normal_progress",
      "overlap_risk",
      "ready_for_robot_action",
      "strong_hesitation"
    ],
    "weights": {
      "correction_rework": [
        -0.0014839817722883926,
        0.11342817764717437,
        -0.5249849746407443,
        -0.5378090050150974,
        -0.3789492292208517,
        0.41148464915734545,
        0.09350804726589777
      ],
      "mild_hesitation": [
        -0.6243737971017204,
        -0.5051493893236004,
        0.12470214613979945,
        0.10302431416398662,
        0.01317145029488772,
        -0.2950380049602215,
        -0.09216508653179092
      ],
      "normal_progress": [
        0.3002112162344166,
        0.2241428564524989,
        0.06933742192392042,
        0.2214340141984715,
        0.33618819930419963,
        -0.5582476834859744,
        0.161092646524608
      ],
      "overlap_risk": [
        -0.10,
        0.035,
        0.35,
        0.024,
        -0.15,
        -0.27,
        -0.40
      ],
      "ready_for_robot_action": [
        0.2831508122441205,
        -0.023252554161428657,
        -0.02863989673148743,
        0.19432035432019432,
        -0.012057984105054593,
        0.44998698223043876,
        -0.009529909768727987
      ],
      "strong_hesitation": [
        -0.3300415907202576,
        0.5119493812768264,
        0.036148397314192435,
        -0.2037706950873477,
        -0.029590957832963345,
        0.19058407161053226,
        -0.0604476595950697
      ]
    },
    "biases": {
      "correction_rework": -2.5252394323307596,
      "mild_hesitation": -1.4257737298907327,
      "normal_progress": -0.6348665484799965,
      "overlap_risk": -1.55,
      "ready_for_robot_action": -1.562744698449391,
      "strong_hesitation": -2.5069332358587912
    }
  },
  "future_hesitation": {
    "weights": [
      -0.0230271882617936,
      -0.22941324571362204,
      0.7926796297557115,
      -0.541746868171554,
      0.359475785719808,
      0.8252916091687812,
      0.0682740219680034
    ],
    "bias": 6.018106778353732
  },
  "future_correction": {
    "weights": [
      1.3718940072456522,
      -0.07059385130847017,
      0.5414182701065742,
      -0.48460689238639565,
      -0.4313293137300127,
      0.06180406743585929,
      0.4111026875202751
    ],
    "bias": 2.2893806751907
  },
  "window_size": 20,
  "pause_speed_threshold": 0.03,
  "horizon_frames": 20
}