class_name,precision,recall,f1
correction_rework,0.19911504424778761,0.7584269662921348,0.31542056074766356
mild_hesitation,0.2564102564102564,0.08403361344537816,0.12658227848101264
normal_progress,0.125,0.06206896551724138,0.08294930875576036
overlap_risk,0.05555555555555555,0.007194244604316547,0.012738853503184714
ready_for_robot_action,0.125,0.0449438202247191,0.06611570247933884
strong_hesitation,0.2641509433962264,0.09859154929577464,0.14358974358974358
