class_name,precision,recall,f1
correction_rework,0.19881305637982197,0.7570621468926554,0.3149236192714454
mild_hesitation,0.25555555555555554,0.09663865546218488,0.1402439024390244
normal_progress,0.125,0.06293706293706294,0.08372093023255814
overlap_risk,0.0,0.0,0.0
ready_for_robot_action,0.125,0.045454545454545456,0.06666666666666667
strong_hesitation,0.2631578947368421,0.10638297872340426,0.15151515151515152
