class_name,precision,recall,f1
correction_rework,0.2178649237472767,0.5649717514124294,0.31446540880503143
mild_hesitation,0.3194444444444444,0.28991596638655465,0.3039647577092511
normal_progress,0.8888888888888888,0.11188811188811189,0.1987577639751553
overlap_risk,0.27906976744186046,0.34782608695652173,0.30967741935483867
ready_for_robot_action,0.0,0.0,0.0
strong_hesitation,0.38333333333333336,0.16312056737588654,0.2288557213930348
